{"cameraMode":{"drawMode":0,"name":"Shaded","section":"Shading Mode"},"sceneLighting":false,"audioPlay":false,"sceneViewState":{"showFog":true,"showMaterialUpdate":false,"showSkybox":false,"showFlares":true,"showImageEffects":true,"showParticleSystems":true},"in2DMode":false,"pivot":{"x":8.776468276977539,"y":12.648368835449219,"z":1.0527534484863282},"rotation":{"x":0.004756396170705557,"y":-0.07942482084035874,"z":0.0008485984290018678,"w":0.9969680309295654},"size":22.0,"orthographic":false}