{"cameraMode":{"drawMode":0,"name":"Shaded","section":"Shading Mode"},"sceneLighting":false,"audioPlay":false,"sceneViewState":{"showFog":true,"showMaterialUpdate":false,"showSkybox":false,"showFlares":true,"showImageEffects":true,"showParticleSystems":true},"in2DMode":false,"pivot":{"x":-1.9434057474136353,"y":-2.2244906425476076,"z":13.597501754760743},"rotation":{"x":0.15798993408679963,"y":-0.1789364367723465,"z":0.029453564435243608,"w":0.9706475138664246},"size":35.58036804199219,"orthographic":false}