{"cameraMode":{"drawMode":0,"name":"Shaded","section":"Shading Mode"},"sceneLighting":true,"audioPlay":false,"sceneViewState":{"showFog":true,"showMaterialUpdate":false,"showSkybox":true,"showFlares":true,"showImageEffects":true,"showParticleSystems":true},"in2DMode":false,"pivot":{"x":-2.2524421215057375,"y":2.027153730392456,"z":-7.099052429199219},"rotation":{"x":-0.07523909956216812,"y":0.003586567472666502,"z":-0.00027538035647012293,"w":-0.9971789121627808},"size":13.022601127624512,"orthographic":false}