{"cameraMode":{"drawMode":0,"name":"Shaded","section":"Shading Mode"},"sceneLighting":false,"audioPlay":false,"sceneViewState":{"showFog":true,"showMaterialUpdate":false,"showSkybox":false,"showFlares":true,"showImageEffects":true,"showParticleSystems":true},"in2DMode":false,"pivot":{"x":-0.9821354150772095,"y":-5.905904769897461,"z":-0.5181002020835877},"rotation":{"x":0.26841431856155398,"y":-0.1023600846529007,"z":0.02874382771551609,"w":0.9575361013412476},"size":2.8578836917877199,"orthographic":false}