{"cameraMode":{"drawMode":0,"name":"Shaded","section":"Shading Mode"},"sceneLighting":false,"audioPlay":false,"sceneViewState":{"showFog":true,"showMaterialUpdate":false,"showSkybox":false,"showFlares":true,"showImageEffects":true,"showParticleSystems":true},"in2DMode":false,"pivot":{"x":14.74771785736084,"y":3.2085955142974855,"z":9.70110034942627},"rotation":{"x":0.21611212193965913,"y":0.011844637803733349,"z":-0.0020131771452724935,"w":0.9764404296875},"size":36.932003021240237,"orthographic":false}